Symbol,YF_Ticker,Company Name,Industry,Indices
ABB,ABB.NS,ABB India Ltd.,Capital Goods,Nifty100
ADANIENSOL,ADANIENSOL.NS,Adani Energy Solutions Ltd.,Power,Nifty100
ADANIENT,ADANIENT.NS,Adani Enterprises Ltd.,Metals & Mining,Nifty100
ADANIGREEN,ADANIGREEN.NS,Adani Green Energy Ltd.,Power,Nifty100
ADANIPORTS,ADANIPORTS.NS,Adani Ports and Special Economic Zone Ltd.,Services,Nifty100
ADANIPOWER,ADANIPOWER.NS,Adani Power Ltd.,Power,Nifty100
AMBUJACEM,AMBUJACEM.NS,Ambuja Cements Ltd.,Construction Materials,Nifty100
APOLLOHOSP,APOLLOHOSP.NS,Apollo Hospitals Enterprise Ltd.,Healthcare,Nifty100
ASIANPAINT,ASIANPAINT.NS,Asian Paints Ltd.,Consumer Durables,Nifty100
DMART,DMART.NS,Avenue Supermarts Ltd.,Consumer Services,Nifty100
AXISBANK,AXISBANK.NS,Axis Bank Ltd.,Financial Services,Nifty100
BAJAJ-AUTO,BAJAJ-AUTO.NS,Bajaj Auto Ltd.,Automobile and Auto Components,Nifty100
BAJFINANCE,BAJFINANCE.NS,Bajaj Finance Ltd.,Financial Services,Nifty100
BAJAJFINSV,BAJAJFINSV.NS,Bajaj Finserv Ltd.,Financial Services,Nifty100
BAJAJHLDNG,BAJAJHLDNG.NS,Bajaj Holdings & Investment Ltd.,Financial Services,Nifty100
BANKBARODA,BANKBARODA.NS,Bank of Baroda,Financial Services,Nifty100
BEL,BEL.NS,Bharat Electronics Ltd.,Capital Goods,Nifty100
BPCL,BPCL.NS,Bharat Petroleum Corporation Ltd.,Oil Gas & Consumable Fuels,Nifty100
BHARTIARTL,BHARTIARTL.NS,Bharti Airtel Ltd.,Telecommunication,Nifty100
BOSCHLTD,BOSCHLTD.NS,Bosch Ltd.,Automobile and Auto Components,Nifty100
BRITANNIA,BRITANNIA.NS,Britannia Industries Ltd.,Fast Moving Consumer Goods,Nifty100
CGPOWER,CGPOWER.NS,CG Power and Industrial Solutions Ltd.,Capital Goods,Nifty100
CANBK,CANBK.NS,Canara Bank,Financial Services,Nifty100
CHOLAFIN,CHOLAFIN.NS,Cholamandalam Investment and Finance Company Ltd.,Financial Services,Nifty100
CIPLA,CIPLA.NS,Cipla Ltd.,Healthcare,Nifty100
COALINDIA,COALINDIA.NS,Coal India Ltd.,Oil Gas & Consumable Fuels,Nifty100
CUMMINSIND,CUMMINSIND.NS,Cummins India Ltd.,Capital Goods,Nifty100
DLF,DLF.NS,DLF Ltd.,Realty,Nifty100
DIVISLAB,DIVISLAB.NS,Divi's Laboratories Ltd.,Healthcare,Nifty100
DRREDDY,DRREDDY.NS,Dr. Reddy's Laboratories Ltd.,Healthcare,Nifty100
EICHERMOT,EICHERMOT.NS,Eicher Motors Ltd.,Automobile and Auto Components,Nifty100
ETERNAL,ETERNAL.NS,Eternal Ltd.,Consumer Services,Nifty100
GAIL,GAIL.NS,GAIL (India) Ltd.,Oil Gas & Consumable Fuels,Nifty100
GODREJCP,GODREJCP.NS,Godrej Consumer Products Ltd.,Fast Moving Consumer Goods,Nifty100
GRASIM,GRASIM.NS,Grasim Industries Ltd.,Construction Materials,Nifty100
HCLTECH,HCLTECH.NS,HCL Technologies Ltd.,Information Technology,Nifty100
HDFCAMC,HDFCAMC.NS,HDFC Asset Management Company Ltd.,Financial Services,Nifty100
HDFCBANK,HDFCBANK.NS,HDFC Bank Ltd.,Financial Services,Nifty100
HDFCLIFE,HDFCLIFE.NS,HDFC Life Insurance Company Ltd.,Financial Services,Nifty100
HINDALCO,HINDALCO.NS,Hindalco Industries Ltd.,Metals & Mining,Nifty100
HAL,HAL.NS,Hindustan Aeronautics Ltd.,Capital Goods,Nifty100
HINDUNILVR,HINDUNILVR.NS,Hindustan Unilever Ltd.,Fast Moving Consumer Goods,Nifty100
HINDZINC,HINDZINC.NS,Hindustan Zinc Ltd.,Metals & Mining,Nifty100
HYUNDAI,HYUNDAI.NS,Hyundai Motor India Ltd.,Automobile and Auto Components,Nifty100
ICICIBANK,ICICIBANK.NS,ICICI Bank Ltd.,Financial Services,Nifty100
ITC,ITC.NS,ITC Ltd.,Fast Moving Consumer Goods,Nifty100
INDHOTEL,INDHOTEL.NS,Indian Hotels Co. Ltd.,Consumer Services,Nifty100
IOC,IOC.NS,Indian Oil Corporation Ltd.,Oil Gas & Consumable Fuels,Nifty100
IRFC,IRFC.NS,Indian Railway Finance Corporation Ltd.,Financial Services,Nifty100
INFY,INFY.NS,Infosys Ltd.,Information Technology,Nifty100
INDIGO,INDIGO.NS,InterGlobe Aviation Ltd.,Services,Nifty100
JSWSTEEL,JSWSTEEL.NS,JSW Steel Ltd.,Metals & Mining,Nifty100
JINDALSTEL,JINDALSTEL.NS,Jindal Steel Ltd.,Metals & Mining,Nifty100
JIOFIN,JIOFIN.NS,Jio Financial Services Ltd.,Financial Services,Nifty100
KOTAKBANK,KOTAKBANK.NS,Kotak Mahindra Bank Ltd.,Financial Services,Nifty100
LTM,LTM.NS,LTM Ltd.,Information Technology,Nifty100
LT,LT.NS,Larsen & Toubro Ltd.,Construction,Nifty100
LODHA,LODHA.NS,Lodha Developers Ltd.,Realty,Nifty100
M&M,M&M.NS,Mahindra & Mahindra Ltd.,Automobile and Auto Components,Nifty100
MARUTI,MARUTI.NS,Maruti Suzuki India Ltd.,Automobile and Auto Components,Nifty100
MAXHEALTH,MAXHEALTH.NS,Max Healthcare Institute Ltd.,Healthcare,Nifty100
MAZDOCK,MAZDOCK.NS,Mazagoan Dock Shipbuilders Ltd.,Capital Goods,Nifty100
MUTHOOTFIN,MUTHOOTFIN.NS,Muthoot Finance Ltd.,Financial Services,Nifty100
NTPC,NTPC.NS,NTPC Ltd.,Power,Nifty100
NESTLEIND,NESTLEIND.NS,Nestle India Ltd.,Fast Moving Consumer Goods,Nifty100
ONGC,ONGC.NS,Oil & Natural Gas Corporation Ltd.,Oil Gas & Consumable Fuels,Nifty100
PIDILITIND,PIDILITIND.NS,Pidilite Industries Ltd.,Chemicals,Nifty100
PFC,PFC.NS,Power Finance Corporation Ltd.,Financial Services,Nifty100
POWERGRID,POWERGRID.NS,Power Grid Corporation of India Ltd.,Power,Nifty100
PNB,PNB.NS,Punjab National Bank,Financial Services,Nifty100
RECLTD,RECLTD.NS,REC Ltd.,Financial Services,Nifty100
RELIANCE,RELIANCE.NS,Reliance Industries Ltd.,Oil Gas & Consumable Fuels,Nifty100
SBILIFE,SBILIFE.NS,SBI Life Insurance Company Ltd.,Financial Services,Nifty100
MOTHERSON,MOTHERSON.NS,Samvardhana Motherson International Ltd.,Automobile and Auto Components,Nifty100
SHREECEM,SHREECEM.NS,Shree Cement Ltd.,Construction Materials,Nifty100
SHRIRAMFIN,SHRIRAMFIN.NS,Shriram Finance Ltd.,Financial Services,Nifty100
ENRIN,ENRIN.NS,Siemens Energy India Ltd.,Capital Goods,Nifty100
SIEMENS,SIEMENS.NS,Siemens Ltd.,Capital Goods,Nifty100
SOLARINDS,SOLARINDS.NS,Solar Industries India Ltd.,Chemicals,Nifty100
SBIN,SBIN.NS,State Bank of India,Financial Services,Nifty100
SUNPHARMA,SUNPHARMA.NS,Sun Pharmaceutical Industries Ltd.,Healthcare,Nifty100
TVSMOTOR,TVSMOTOR.NS,TVS Motor Company Ltd.,Automobile and Auto Components,Nifty100
TATACAP,TATACAP.NS,Tata Capital Ltd.,Financial Services,Nifty100
TCS,TCS.NS,Tata Consultancy Services Ltd.,Information Technology,Nifty100
TATACONSUM,TATACONSUM.NS,Tata Consumer Products Ltd.,Fast Moving Consumer Goods,Nifty100
TMCV,TMCV.NS,Tata Motors Ltd.,Capital Goods,Nifty100
TMPV,TMPV.NS,Tata Motors Passenger Vehicles Ltd.,Automobile and Auto Components,Nifty100
TATAPOWER,TATAPOWER.NS,Tata Power Co. Ltd.,Power,Nifty100
TATASTEEL,TATASTEEL.NS,Tata Steel Ltd.,Metals & Mining,Nifty100
TECHM,TECHM.NS,Tech Mahindra Ltd.,Information Technology,Nifty100
TITAN,TITAN.NS,Titan Company Ltd.,Consumer Durables,Nifty100
TORNTPHARM,TORNTPHARM.NS,Torrent Pharmaceuticals Ltd.,Healthcare,Nifty100
TRENT,TRENT.NS,Trent Ltd.,Consumer Services,Nifty100
ULTRACEMCO,ULTRACEMCO.NS,UltraTech Cement Ltd.,Construction Materials,Nifty100
UNIONBANK,UNIONBANK.NS,Union Bank of India,Financial Services,Nifty100
UNITDSPR,UNITDSPR.NS,United Spirits Ltd.,Fast Moving Consumer Goods,Nifty100
VBL,VBL.NS,Varun Beverages Ltd.,Fast Moving Consumer Goods,Nifty100
VEDL,VEDL.NS,Vedanta Ltd.,Metals & Mining,Nifty100
WIPRO,WIPRO.NS,Wipro Ltd.,Information Technology,Nifty100
ZYDUSLIFE,ZYDUSLIFE.NS,Zydus Lifesciences Ltd.,Healthcare,Nifty100
360ONE,360ONE.NS,360 ONE WAM Ltd.,Financial Services,NiftyMidcap100
APLAPOLLO,APLAPOLLO.NS,APL Apollo Tubes Ltd.,Capital Goods,NiftyMidcap100
AUBANK,AUBANK.NS,AU Small Finance Bank Ltd.,Financial Services,NiftyMidcap100
ATGL,ATGL.NS,Adani Total Gas Ltd.,Oil Gas & Consumable Fuels,NiftyMidcap100
ABCAPITAL,ABCAPITAL.NS,Aditya Birla Capital Ltd.,Financial Services,NiftyMidcap100
ALKEM,ALKEM.NS,Alkem Laboratories Ltd.,Healthcare,NiftyMidcap100
ASHOKLEY,ASHOKLEY.NS,Ashok Leyland Ltd.,Capital Goods,NiftyMidcap100
ASTRAL,ASTRAL.NS,Astral Ltd.,Capital Goods,NiftyMidcap100
AUROPHARMA,AUROPHARMA.NS,Aurobindo Pharma Ltd.,Healthcare,NiftyMidcap100
BSE,BSE.NS,BSE Ltd.,Financial Services,NiftyMidcap100
BANKINDIA,BANKINDIA.NS,Bank of India,Financial Services,NiftyMidcap100
BDL,BDL.NS,Bharat Dynamics Ltd.,Capital Goods,NiftyMidcap100
BHARATFORG,BHARATFORG.NS,Bharat Forge Ltd.,Automobile and Auto Components,NiftyMidcap100
BHEL,BHEL.NS,Bharat Heavy Electricals Ltd.,Capital Goods,NiftyMidcap100
GROWW,GROWW.NS,Billionbrains Garage Ventures Ltd.,Financial Services,NiftyMidcap100
BIOCON,BIOCON.NS,Biocon Ltd.,Healthcare,NiftyMidcap100
BLUESTARCO,BLUESTARCO.NS,Blue Star Ltd.,Consumer Durables,NiftyMidcap100
COCHINSHIP,COCHINSHIP.NS,Cochin Shipyard Ltd.,Capital Goods,NiftyMidcap100
COFORGE,COFORGE.NS,Coforge Ltd.,Information Technology,NiftyMidcap100
COLPAL,COLPAL.NS,Colgate Palmolive (India) Ltd.,Fast Moving Consumer Goods,NiftyMidcap100
CONCOR,CONCOR.NS,Container Corporation of India Ltd.,Services,NiftyMidcap100
COROMANDEL,COROMANDEL.NS,Coromandel International Ltd.,Chemicals,NiftyMidcap100
DABUR,DABUR.NS,Dabur India Ltd.,Fast Moving Consumer Goods,NiftyMidcap100
DIXON,DIXON.NS,Dixon Technologies (India) Ltd.,Consumer Durables,NiftyMidcap100
EXIDEIND,EXIDEIND.NS,Exide Industries Ltd.,Automobile and Auto Components,NiftyMidcap100
NYKAA,NYKAA.NS,FSN E-Commerce Ventures Ltd.,Consumer Services,NiftyMidcap100
FEDERALBNK,FEDERALBNK.NS,Federal Bank Ltd.,Financial Services,NiftyMidcap100
FORTIS,FORTIS.NS,Fortis Healthcare Ltd.,Healthcare,NiftyMidcap100
GVT&D,GVT&D.NS,GE Vernova T&D India Ltd.,Capital Goods,NiftyMidcap100
GMRAIRPORT,GMRAIRPORT.NS,GMR Airports Ltd.,Services,NiftyMidcap100
GLENMARK,GLENMARK.NS,Glenmark Pharmaceuticals Ltd.,Healthcare,NiftyMidcap100
GODFRYPHLP,GODFRYPHLP.NS,Godfrey Phillips India Ltd.,Fast Moving Consumer Goods,NiftyMidcap100
GODREJPROP,GODREJPROP.NS,Godrej Properties Ltd.,Realty,NiftyMidcap100
HAVELLS,HAVELLS.NS,Havells India Ltd.,Consumer Durables,NiftyMidcap100
HEROMOTOCO,HEROMOTOCO.NS,Hero MotoCorp Ltd.,Automobile and Auto Components,NiftyMidcap100
HINDPETRO,HINDPETRO.NS,Hindustan Petroleum Corporation Ltd.,Oil Gas & Consumable Fuels,NiftyMidcap100
POWERINDIA,POWERINDIA.NS,Hitachi Energy India Ltd.,Capital Goods,NiftyMidcap100
HUDCO,HUDCO.NS,Housing & Urban Development Corporation Ltd.,Financial Services,NiftyMidcap100
ICICIGI,ICICIGI.NS,ICICI Lombard General Insurance Company Ltd.,Financial Services,NiftyMidcap100
ICICIAMC,ICICIAMC.NS,ICICI Prudential Asset Management Company Ltd.,Financial Services,NiftyMidcap100
IDFCFIRSTB,IDFCFIRSTB.NS,IDFC First Bank Ltd.,Financial Services,NiftyMidcap100
INDIANB,INDIANB.NS,Indian Bank,Financial Services,NiftyMidcap100
IRCTC,IRCTC.NS,Indian Railway Catering And Tourism Corporation Ltd.,Consumer Services,NiftyMidcap100
IREDA,IREDA.NS,Indian Renewable Energy Development Agency Ltd.,Financial Services,NiftyMidcap100
INDUSTOWER,INDUSTOWER.NS,Indus Towers Ltd.,Telecommunication,NiftyMidcap100
INDUSINDBK,INDUSINDBK.NS,IndusInd Bank Ltd.,Financial Services,NiftyMidcap100
NAUKRI,NAUKRI.NS,Info Edge (India) Ltd.,Consumer Services,NiftyMidcap100
JSWENERGY,JSWENERGY.NS,JSW Energy Ltd.,Power,NiftyMidcap100
JUBLFOOD,JUBLFOOD.NS,Jubilant Foodworks Ltd.,Consumer Services,NiftyMidcap100
KEI,KEI.NS,KEI Industries Ltd.,Capital Goods,NiftyMidcap100
KPITTECH,KPITTECH.NS,KPIT Technologies Ltd.,Information Technology,NiftyMidcap100
KALYANKJIL,KALYANKJIL.NS,Kalyan Jewellers India Ltd.,Consumer Durables,NiftyMidcap100
LTF,LTF.NS,L&T Finance Ltd.,Financial Services,NiftyMidcap100
LGEINDIA,LGEINDIA.NS,LG Electronics India Ltd.,Consumer Durables,NiftyMidcap100
LICHSGFIN,LICHSGFIN.NS,LIC Housing Finance Ltd.,Financial Services,NiftyMidcap100
LAURUSLABS,LAURUSLABS.NS,Laurus Labs Ltd.,Healthcare,NiftyMidcap100
LENSKART,LENSKART.NS,Lenskart Solutions Ltd.,Consumer Services,NiftyMidcap100
LUPIN,LUPIN.NS,Lupin Ltd.,Healthcare,NiftyMidcap100
MRF,MRF.NS,MRF Ltd.,Automobile and Auto Components,NiftyMidcap100
M&MFIN,M&MFIN.NS,Mahindra & Mahindra Financial Services Ltd.,Financial Services,NiftyMidcap100
MANKIND,MANKIND.NS,Mankind Pharma Ltd.,Healthcare,NiftyMidcap100
MARICO,MARICO.NS,Marico Ltd.,Fast Moving Consumer Goods,NiftyMidcap100
MFSL,MFSL.NS,Max Financial Services Ltd.,Financial Services,NiftyMidcap100
MOTILALOFS,MOTILALOFS.NS,Motilal Oswal Financial Services Ltd.,Financial Services,NiftyMidcap100
MPHASIS,MPHASIS.NS,MphasiS Ltd.,Information Technology,NiftyMidcap100
MCX,MCX.NS,Multi Commodity Exchange of India Ltd.,Financial Services,NiftyMidcap100
NHPC,NHPC.NS,NHPC Ltd.,Power,NiftyMidcap100
NMDC,NMDC.NS,NMDC Ltd.,Metals & Mining,NiftyMidcap100
NATIONALUM,NATIONALUM.NS,National Aluminium Co. Ltd.,Metals & Mining,NiftyMidcap100
OBEROIRLTY,OBEROIRLTY.NS,Oberoi Realty Ltd.,Realty,NiftyMidcap100
OIL,OIL.NS,Oil India Ltd.,Oil Gas & Consumable Fuels,NiftyMidcap100
PAYTM,PAYTM.NS,One 97 Communications Ltd.,Financial Services,NiftyMidcap100
OFSS,OFSS.NS,Oracle Financial Services Software Ltd.,Information Technology,NiftyMidcap100
POLICYBZR,POLICYBZR.NS,PB Fintech Ltd.,Financial Services,NiftyMidcap100
PIIND,PIIND.NS,PI Industries Ltd.,Chemicals,NiftyMidcap100
PAGEIND,PAGEIND.NS,Page Industries Ltd.,Textiles,NiftyMidcap100
PATANJALI,PATANJALI.NS,Patanjali Foods Ltd.,Fast Moving Consumer Goods,NiftyMidcap100
PERSISTENT,PERSISTENT.NS,Persistent Systems Ltd.,Information Technology,NiftyMidcap100
PHOENIXLTD,PHOENIXLTD.NS,Phoenix Mills Ltd.,Realty,NiftyMidcap100
POLYCAB,POLYCAB.NS,Polycab India Ltd.,Capital Goods,NiftyMidcap100
PREMIERENE,PREMIERENE.NS,Premier Energies Ltd.,Capital Goods,NiftyMidcap100
PRESTIGE,PRESTIGE.NS,Prestige Estates Projects Ltd.,Realty,NiftyMidcap100
RADICO,RADICO.NS,Radico Khaitan Ltd,Fast Moving Consumer Goods,NiftyMidcap100
RVNL,RVNL.NS,Rail Vikas Nigam Ltd.,Construction,NiftyMidcap100
SBICARD,SBICARD.NS,SBI Cards and Payment Services Ltd.,Financial Services,NiftyMidcap100
SRF,SRF.NS,SRF Ltd.,Chemicals,NiftyMidcap100
SAIL,SAIL.NS,Steel Authority of India Ltd.,Metals & Mining,NiftyMidcap100
SUPREMEIND,SUPREMEIND.NS,Supreme Industries Ltd.,Capital Goods,NiftyMidcap100
SUZLON,SUZLON.NS,Suzlon Energy Ltd.,Capital Goods,NiftyMidcap100
SWIGGY,SWIGGY.NS,Swiggy Ltd.,Consumer Services,NiftyMidcap100
TATACOMM,TATACOMM.NS,Tata Communications Ltd.,Telecommunication,NiftyMidcap100
TATAELXSI,TATAELXSI.NS,Tata Elxsi Ltd.,Information Technology,NiftyMidcap100
TATAINVEST,TATAINVEST.NS,Tata Investment Corporation Ltd.,Financial Services,NiftyMidcap100
TIINDIA,TIINDIA.NS,Tube Investments of India Ltd.,Automobile and Auto Components,NiftyMidcap100
UPL,UPL.NS,UPL Ltd.,Chemicals,NiftyMidcap100
VMM,VMM.NS,Vishal Mega Mart Ltd.,Consumer Services,NiftyMidcap100
IDEA,IDEA.NS,Vodafone Idea Ltd.,Telecommunication,NiftyMidcap100
VOLTAS,VOLTAS.NS,Voltas Ltd.,Consumer Durables,NiftyMidcap100
WAAREEENER,WAAREEENER.NS,Waaree Energies Ltd.,Capital Goods,NiftyMidcap100
YESBANK,YESBANK.NS,Yes Bank Ltd.,Financial Services,NiftyMidcap100
AARTIIND,AARTIIND.NS,Aarti Industries Ltd.,Chemicals,NiftySmallcap100
ABREL,ABREL.NS,Aditya Birla Real Estate Ltd.,Realty,NiftySmallcap100
AEGISLOG,AEGISLOG.NS,Aegis Logistics Ltd.,Oil Gas & Consumable Fuels,NiftySmallcap100
AFCONS,AFCONS.NS,Afcons Infrastructure Ltd.,Construction,NiftySmallcap100
AFFLE,AFFLE.NS,Affle 3i Ltd.,Information Technology,NiftySmallcap100
ARE&M,ARE&M.NS,Amara Raja Energy & Mobility Ltd.,Automobile and Auto Components,NiftySmallcap100
AMBER,AMBER.NS,Amber Enterprises India Ltd.,Consumer Durables,NiftySmallcap100
ANANDRATHI,ANANDRATHI.NS,Anand Rathi Wealth Ltd.,Financial Services,NiftySmallcap100
ANANTRAJ,ANANTRAJ.NS,Anant Raj Ltd.,Realty,NiftySmallcap100
ANGELONE,ANGELONE.NS,Angel One Ltd.,Financial Services,NiftySmallcap100
APTUS,APTUS.NS,Aptus Value Housing Finance India Ltd.,Financial Services,NiftySmallcap100
ASTERDM,ASTERDM.NS,Aster DM Quality Care Ltd.,Healthcare,NiftySmallcap100
ATHERENERG,ATHERENERG.NS,Ather Energy Ltd.,Automobile and Auto Components,NiftySmallcap100
BEML,BEML.NS,BEML Ltd.,Capital Goods,NiftySmallcap100
BLS,BLS.NS,BLS International Services Ltd.,Consumer Services,NiftySmallcap100
BANDHANBNK,BANDHANBNK.NS,Bandhan Bank Ltd.,Financial Services,NiftySmallcap100
FIRSTCRY,FIRSTCRY.NS,Brainbees Solutions Ltd.,Consumer Services,NiftySmallcap100
BRIGADE,BRIGADE.NS,Brigade Enterprises Ltd.,Realty,NiftySmallcap100
CESC,CESC.NS,CESC Ltd.,Power,NiftySmallcap100
CGCL,CGCL.NS,Capri Global Capital Ltd.,Financial Services,NiftySmallcap100
CASTROLIND,CASTROLIND.NS,Castrol India Ltd.,Oil Gas & Consumable Fuels,NiftySmallcap100
CDSL,CDSL.NS,Central Depository Services (India) Ltd.,Financial Services,NiftySmallcap100
CHAMBLFERT,CHAMBLFERT.NS,Chambal Fertilizers & Chemicals Ltd.,Chemicals,NiftySmallcap100
CHOLAHLDNG,CHOLAHLDNG.NS,Cholamandalam Financial Holdings Ltd.,Financial Services,NiftySmallcap100
CUB,CUB.NS,City Union Bank Ltd.,Financial Services,NiftySmallcap100
COHANCE,COHANCE.NS,Cohance Lifesciences Ltd.,Healthcare,NiftySmallcap100
CAMS,CAMS.NS,Computer Age Management Services Ltd.,Financial Services,NiftySmallcap100
CREDITACC,CREDITACC.NS,CreditAccess Grameen Ltd.,Financial Services,NiftySmallcap100
CROMPTON,CROMPTON.NS,Crompton Greaves Consumer Electricals Ltd.,Consumer Durables,NiftySmallcap100
DATAPATTNS,DATAPATTNS.NS,Data Patterns (India) Ltd.,Capital Goods,NiftySmallcap100
DEEPAKFERT,DEEPAKFERT.NS,Deepak Fertilisers & Petrochemicals Corp. Ltd.,Chemicals,NiftySmallcap100
DELHIVERY,DELHIVERY.NS,Delhivery Ltd.,Services,NiftySmallcap100
DEVYANI,DEVYANI.NS,Devyani International Ltd.,Consumer Services,NiftySmallcap100
LALPATHLAB,LALPATHLAB.NS,Dr. Lal Path Labs Ltd.,Healthcare,NiftySmallcap100
FSL,FSL.NS,Firstsource Solutions Ltd.,Services,NiftySmallcap100
FIVESTAR,FIVESTAR.NS,Five-Star Business Finance Ltd.,Financial Services,NiftySmallcap100
FORCEMOT,FORCEMOT.NS,Force Motors Ltd.,Automobile and Auto Components,NiftySmallcap100
GRSE,GRSE.NS,Garden Reach Shipbuilders & Engineers Ltd.,Capital Goods,NiftySmallcap100
GLAND,GLAND.NS,Gland Pharma Ltd.,Healthcare,NiftySmallcap100
GPIL,GPIL.NS,Godawari Power & Ispat Ltd.,Capital Goods,NiftySmallcap100
GESHIP,GESHIP.NS,Great Eastern Shipping Co. Ltd.,Services,NiftySmallcap100
GMDCLTD,GMDCLTD.NS,Gujarat Mineral Development Corporation Ltd.,Metals & Mining,NiftySmallcap100
HBLENGINE,HBLENGINE.NS,HBL Engineering Ltd.,Capital Goods,NiftySmallcap100
HSCL,HSCL.NS,Himadri Speciality Chemical Ltd.,Chemicals,NiftySmallcap100
HINDCOPPER,HINDCOPPER.NS,Hindustan Copper Ltd.,Metals & Mining,NiftySmallcap100
IDBI,IDBI.NS,IDBI Bank Ltd.,Financial Services,NiftySmallcap100
IFCI,IFCI.NS,IFCI Ltd.,Financial Services,NiftySmallcap100
IIFL,IIFL.NS,IIFL Finance Ltd.,Financial Services,NiftySmallcap100
IRCON,IRCON.NS,IRCON International Ltd.,Construction,NiftySmallcap100
ITI,ITI.NS,ITI Ltd.,Telecommunication,NiftySmallcap100
IGL,IGL.NS,Indraprastha Gas Ltd.,Oil Gas & Consumable Fuels,NiftySmallcap100
INOXWIND,INOXWIND.NS,Inox Wind Ltd.,Capital Goods,NiftySmallcap100
IKS,IKS.NS,Inventurus Knowledge Solutions Ltd.,Information Technology,NiftySmallcap100
JBMA,JBMA.NS,JBM Auto Ltd.,Automobile and Auto Components,NiftySmallcap100
JMFINANCIL,JMFINANCIL.NS,JM Financial Ltd.,Financial Services,NiftySmallcap100
JSWCEMENT,JSWCEMENT.NS,JSW Cement Ltd.,Construction Materials,NiftySmallcap100
JYOTICNC,JYOTICNC.NS,Jyoti CNC Automation Ltd.,Capital Goods,NiftySmallcap100
KARURVYSYA,KARURVYSYA.NS,Karur Vysya Bank Ltd.,Financial Services,NiftySmallcap100
KAYNES,KAYNES.NS,Kaynes Technology India Ltd.,Capital Goods,NiftySmallcap100
KEC,KEC.NS,Kec International Ltd.,Construction,NiftySmallcap100
KFINTECH,KFINTECH.NS,Kfin Technologies Ltd.,Financial Services,NiftySmallcap100
MANAPPURAM,MANAPPURAM.NS,Manappuram Finance Ltd.,Financial Services,NiftySmallcap100
MRPL,MRPL.NS,Mangalore Refinery & Petrochemicals Ltd.,Oil Gas & Consumable Fuels,NiftySmallcap100
MEESHO,MEESHO.NS,Meesho Ltd.,Consumer Services,NiftySmallcap100
NATCOPHARM,NATCOPHARM.NS,NATCO Pharma Ltd.,Healthcare,NiftySmallcap100
NBCC,NBCC.NS,NBCC (India) Ltd.,Construction,NiftySmallcap100
NH,NH.NS,Narayana Hrudayalaya Ltd.,Healthcare,NiftySmallcap100
NAVINFLUOR,NAVINFLUOR.NS,Navin Fluorine International Ltd.,Chemicals,NiftySmallcap100
NETWEB,NETWEB.NS,Netweb Technologies India Ltd.,Information Technology,NiftySmallcap100
NEULANDLAB,NEULANDLAB.NS,Neuland Laboratories Ltd.,Healthcare,NiftySmallcap100
NUVAMA,NUVAMA.NS,Nuvama Wealth Management Ltd.,Financial Services,NiftySmallcap100
OLAELEC,OLAELEC.NS,Ola Electric Mobility Ltd.,Automobile and Auto Components,NiftySmallcap100
PGEL,PGEL.NS,PG Electroplast Ltd.,Consumer Durables,NiftySmallcap100
PNBHOUSING,PNBHOUSING.NS,PNB Housing Finance Ltd.,Financial Services,NiftySmallcap100
PWL,PWL.NS,Physicswallah Ltd.,Consumer Services,NiftySmallcap100
PINELABS,PINELABS.NS,Pine Labs Ltd.,Financial Services,NiftySmallcap100
PIRAMALFIN,PIRAMALFIN.NS,Piramal Finance Ltd.,Financial Services,NiftySmallcap100
PPLPHARMA,PPLPHARMA.NS,Piramal Pharma Ltd.,Healthcare,NiftySmallcap100
POONAWALLA,POONAWALLA.NS,Poonawalla Fincorp Ltd.,Financial Services,NiftySmallcap100
RBLBANK,RBLBANK.NS,RBL Bank Ltd.,Financial Services,NiftySmallcap100
REDINGTON,REDINGTON.NS,Redington Ltd.,Services,NiftySmallcap100
RPOWER,RPOWER.NS,Reliance Power Ltd.,Power,NiftySmallcap100
SAGILITY,SAGILITY.NS,Sagility Ltd.,Information Technology,NiftySmallcap100
SAILIFE,SAILIFE.NS,Sai Life Sciences Ltd.,Healthcare,NiftySmallcap100
SARDAEN,SARDAEN.NS,Sarda Energy and Minerals Ltd.,Metals & Mining,NiftySmallcap100
SIGNATURE,SIGNATURE.NS,Signatureglobal (India) Ltd.,Realty,NiftySmallcap100
SONACOMS,SONACOMS.NS,Sona BLW Precision Forgings Ltd.,Automobile and Auto Components,NiftySmallcap100
STARHEALTH,STARHEALTH.NS,Star Health and Allied Insurance Company Ltd.,Financial Services,NiftySmallcap100
SWANCORP,SWANCORP.NS,Swan Corp Ltd.,Chemicals,NiftySmallcap100
SYNGENE,SYNGENE.NS,Syngene International Ltd.,Healthcare,NiftySmallcap100
TATACHEM,TATACHEM.NS,Tata Chemicals Ltd.,Chemicals,NiftySmallcap100
TATATECH,TATATECH.NS,Tata Technologies Ltd.,Information Technology,NiftySmallcap100
TENNIND,TENNIND.NS,Tenneco Clean Air India Ltd.,Automobile and Auto Components,NiftySmallcap100
RAMCOCEM,RAMCOCEM.NS,The Ramco Cements Ltd.,Construction Materials,NiftySmallcap100
TRITURBINE,TRITURBINE.NS,Triveni Turbine Ltd.,Capital Goods,NiftySmallcap100
URBANCO,URBANCO.NS,Urban Company Ltd.,Consumer Services,NiftySmallcap100
WELCORP,WELCORP.NS,Welspun Corp Ltd.,Capital Goods,NiftySmallcap100
WHIRLPOOL,WHIRLPOOL.NS,Whirlpool of India Ltd.,Consumer Durables,NiftySmallcap100
WOCKPHARMA,WOCKPHARMA.NS,Wockhardt Ltd.,Healthcare,NiftySmallcap100
ZENSARTECH,ZENSARTECH.NS,Zensar Technolgies Ltd.,Information Technology,NiftySmallcap100
